"url","author","date","timestamp","score","upvotes","downvotes","golds","comment","comment_id"
"https://www.reddit.com/r/quarantineactivities/comments/flwhnf/what_pants_to_wear_when_you_work_from_home/","DecoherentDoc","2020-03-20",1584721554,1,1,0,0,"Day 10 of Quarantine: pants?","1"
"https://www.reddit.com/r/quarantineactivities/comments/flwhnf/what_pants_to_wear_when_you_work_from_home/","misterACK","2020-03-20",1584722007,2,2,0,0,"old man voice: ""pants?...i.....i remember pants......""","1_1"
"https://www.reddit.com/r/quarantineactivities/comments/fyqagq/spillustrations/","pm_me_funnythings","2020-04-11",1586569282,2,2,0,0,"Im kind of obsessed with this!!! Make a subreddit for coffee stain art !!! =O<รป","1"
"https://www.reddit.com/r/quarantineactivities/comments/fyqagq/spillustrations/","pm_me_funnythings","2020-04-11",1586569379,2,2,0,0,"Or I love spillustrations !","1_1"
"https://www.reddit.com/r/quarantineactivities/comments/fyqagq/spillustrations/","loonlaugh","2020-04-11",1586609996,1,1,0,0,"r/spillustrations","1_2"
"https://www.reddit.com/r/quarantineactivities/comments/fyqagq/spillustrations/","samblair11","2020-04-11",1586572094,2,2,0,0,"Thats fantastic!!!! So cool!","2"
"https://www.reddit.com/r/quarantineactivities/comments/fyqagq/spillustrations/","AutoModerator","2020-04-10",1586557291,1,1,0,0,"
Thank you for your submission!



Please remember to read the rules and ensure your post aligns with the sub's purpose. Don't forget to use the proper flair.

*I am a bot, and this action was performed automatically. Please [contact the moderators of this subreddit](/message/compose/?to=/r/quarantineactivities) if you have any questions or concerns.*","3"
"https://www.reddit.com/r/quarantineactivities/comments/fyqagq/spillustrations/","loonlaugh","2020-04-11",1586610038,1,1,0,0,"Post away at r/spillustrations !","4"
"https://www.reddit.com/r/quarantineactivities/comments/ggfpgp/working_from_home/","AutoModerator","2020-05-09",1589032090,1,1,0,0,"
Thank you for your submission!



Please remember to read the rules and ensure your post aligns with the sub's purpose. Don't forget to use the proper flair.

*I am a bot, and this action was performed automatically. Please [contact the moderators of this subreddit](/message/compose/?to=/r/quarantineactivities) if you have any questions or concerns.*","1"
"https://www.reddit.com/r/quarantineactivities/comments/g9bbyb/how_to_actually_enjoy_selfquarantine/","AutoModerator","2020-04-27",1588027771,1,1,0,0,"
Thank you for your submission!



Please remember to read the rules and ensure your post aligns with the sub's purpose. Don't forget to use the proper flair.

*I am a bot, and this action was performed automatically. Please [contact the moderators of this subreddit](/message/compose/?to=/r/quarantineactivities) if you have any questions or concerns.*","1"
"https://www.reddit.com/r/quarantineactivities/comments/gx45h1/has_quarantine_helped_you_in_improving_your/","AutoModerator","2020-06-05",1591362127,1,1,0,0,"
Thank you for your submission!



Please remember to read the rules and ensure your post aligns with the sub's purpose. Don't forget to use the proper flair.

join our official discord server! - https://discord.gg/bKpnPPb


*I am a bot, and this action was performed automatically. Please [contact the moderators of this subreddit](/message/compose/?to=/r/quarantineactivities) if you have any questions or concerns.*","1"
"https://www.reddit.com/r/quarantineactivities/comments/g5sh1f/not_minding_the_shelter_in_place_order/","AutoModerator","2020-04-22",1587520439,1,1,0,0,"
Thank you for your submission!



Please remember to read the rules and ensure your post aligns with the sub's purpose. Don't forget to use the proper flair.

*I am a bot, and this action was performed automatically. Please [contact the moderators of this subreddit](/message/compose/?to=/r/quarantineactivities) if you have any questions or concerns.*","1"
"https://www.reddit.com/r/quarantineactivities/comments/g5njr2/quarantine_30th_birthday/","AutoModerator","2020-04-21",1587502670,1,1,0,0,"
Thank you for your submission!



Please remember to read the rules and ensure your post aligns with the sub's purpose. Don't forget to use the proper flair.

*I am a bot, and this action was performed automatically. Please [contact the moderators of this subreddit](/message/compose/?to=/r/quarantineactivities) if you have any questions or concerns.*","1"
"https://www.reddit.com/r/quarantineactivities/comments/g5njr2/quarantine_30th_birthday/","Statler17","2020-04-21",1587505643,1,1,0,0,"Order take-out?  Watch/rent a movie?","2"
"https://www.reddit.com/r/quarantineactivities/comments/gk49zr/my_wifes_work_from_home_schedule_left_me_to_my/","AutoModerator","2020-05-15",1589526090,1,1,0,0,"
Thank you for your submission!



Please remember to read the rules and ensure your post aligns with the sub's purpose. Don't forget to use the proper flair.


*I am a bot, and this action was performed automatically. Please [contact the moderators of this subreddit](/message/compose/?to=/r/quarantineactivities) if you have any questions or concerns.*","1"
"https://www.reddit.com/r/quarantineactivities/comments/gk49zr/my_wifes_work_from_home_schedule_left_me_to_my/","KloppOldTeeth","2020-05-15",1589559822,1,1,0,0,"Amazing!","2"
"https://www.reddit.com/r/quarantineactivities/comments/ftyvwi/quarantine_in_new_orleans/","AutoModerator","2020-04-03",1585876941,1,1,0,0,"
Thank you for your submission!



Please remember to read the rules and ensure your post aligns with the sub's purpose. Don't forget to use the proper flair.

*I am a bot, and this action was performed automatically. Please [contact the moderators of this subreddit](/message/compose/?to=/r/quarantineactivities) if you have any questions or concerns.*","1"
"https://www.reddit.com/r/quarantineactivities/comments/hyrcrh/what_work_from_home_during_quarantine_is_like/","AutoModerator","2020-07-27",1595852973,1,1,0,0,"
Thank you for your submission!



Please remember to read the rules and ensure your post aligns with the sub's purpose. Don't forget to use the proper flair.

join our official discord server! - https://discord.gg/bKpnPPb


*I am a bot, and this action was performed automatically. Please [contact the moderators of this subreddit](/message/compose/?to=/r/quarantineactivities) if you have any questions or concerns.*","1"
"https://www.reddit.com/r/quarantineactivities/comments/g4gfmk/how_can_i_keep_the_office_fun_going_while/","redbucket75","2020-04-19",1587334894,2,2,0,0,"Take the regular internet quarantine ideas and turn them into contests. So whoever does the best Getty Art challenge gets a package of toilet paper (or 1/3rd of their soul back, or whatever else call center folks may appreciate)","1"
"https://www.reddit.com/r/quarantineactivities/comments/g4gfmk/how_can_i_keep_the_office_fun_going_while/","FrequencyExploiter","2020-04-19",1587335151,2,2,0,0,"Back in the stone age when i was a kid, We used to do scavenger hunts. a dozen+ kids, make teams, and each team has a list of common items. first you went to your own house to get things you knew you had TP, egg. then you started knocking on neighbors doors, excuse me, do you have a golf ball? a wire hanger? random crap everyone has.

Clearly, no one will be knocking on anyones doors in the neighborhood.

for you, my idea is a virtual scavenger hunt, you text out to team, selfie with a bar of soap. last person to reply, loses points, and picks next selfie. person with most points wins after set amount of time.

selfie with a framed picture.

picture of socks.","2"
"https://www.reddit.com/r/quarantineactivities/comments/g4gfmk/how_can_i_keep_the_office_fun_going_while/","queenclumsy","2020-04-19",1587335915,1,1,0,0,"This is great - Thankyou!","2_1"
"https://www.reddit.com/r/quarantineactivities/comments/g4gfmk/how_can_i_keep_the_office_fun_going_while/","AutoModerator","2020-04-19",1587333893,1,1,0,0,"
Thank you for your submission!



Please remember to read the rules and ensure your post aligns with the sub's purpose. Don't forget to use the proper flair.

*I am a bot, and this action was performed automatically. Please [contact the moderators of this subreddit](/message/compose/?to=/r/quarantineactivities) if you have any questions or concerns.*","3"
"https://www.reddit.com/r/quarantineactivities/comments/jzqbzz/work_from_home_they_said_it_will_be_fun_they_said/","AutoModerator","2020-11-23",1606165074,1,1,0,0,"
Thank you for your submission!



Please remember to read the rules and ensure your post aligns with the sub's purpose. Don't forget to use the proper flair.

join our official discord server! - https://discord.gg/bKpnPPb


*I am a bot, and this action was performed automatically. Please [contact the moderators of this subreddit](/message/compose/?to=/r/quarantineactivities) if you have any questions or concerns.*","1"
"https://www.reddit.com/r/quarantineactivities/comments/fyko1p/tips_to_be_selfkind_during_quarantine_article/","AutoModerator","2020-04-10",1586540829,1,1,0,0,"
Thank you for your submission!



Please remember to read the rules and ensure your post aligns with the sub's purpose. Don't forget to use the proper flair.

*I am a bot, and this action was performed automatically. Please [contact the moderators of this subreddit](/message/compose/?to=/r/quarantineactivities) if you have any questions or concerns.*","1"
"https://www.reddit.com/r/quarantineactivities/comments/kgydks/day_9_working_out_from_home/","AutoModerator","2020-12-20",1608486199,1,1,0,0,"
Thank you for your submission!



Please remember to read the rules and ensure your post aligns with the sub's purpose. Don't forget to use the proper flair.

join our official discord server! - https://discord.gg/bKpnPPb


*I am a bot, and this action was performed automatically. Please [contact the moderators of this subreddit](/message/compose/?to=/r/quarantineactivities) if you have any questions or concerns.*","1"
"https://www.reddit.com/r/quarantineactivities/comments/ft0l82/quarantinereative_writing_day_1/","AutoModerator","2020-04-01",1585750613,1,1,0,0,"
Thank you for your submission!



Please remember to read the rules and ensure your post aligns with the sub's purpose. Don't forget to use the proper flair.

*I am a bot, and this action was performed automatically. Please [contact the moderators of this subreddit](/message/compose/?to=/r/quarantineactivities) if you have any questions or concerns.*","1"
"https://www.reddit.com/r/quarantineactivities/comments/fofme6/can_bullets_kill_the_virus/","stopyou","2020-03-25",1585120835,1,1,0,0,"You can also post in r/TheQuarantineEffect","1"
"https://www.reddit.com/r/quarantineactivities/comments/gwlrns/anyone_else_want_to_go_to_work_to_have_a_break/","AutoModerator","2020-06-04",1591291210,1,1,0,0,"
Thank you for your submission!



Please remember to read the rules and ensure your post aligns with the sub's purpose. Don't forget to use the proper flair.

join our official discord server! - https://discord.gg/bKpnPPb


*I am a bot, and this action was performed automatically. Please [contact the moderators of this subreddit](/message/compose/?to=/r/quarantineactivities) if you have any questions or concerns.*","1"
"https://www.reddit.com/r/quarantineactivities/comments/gwlrns/anyone_else_want_to_go_to_work_to_have_a_break/","SD_94498","2020-06-04",1591299523,1,1,0,0,"Cant say that I do, but I had a long, irritating commute and they gave me very little work so I spent most of my time bored goofing around on the internet.","2"
"https://www.reddit.com/r/quarantineactivities/comments/ifmch0/back_stretches_yoga_has_some_tips_and_tricks_to/","toddslacker","2020-08-24",1598264628,2,2,0,0,"I had to take a second look. The first one I thought it said no pain to pain. Is this yoga supposed to give me back pain? Then I took the 2nd look...","1"
"https://www.reddit.com/r/quarantineactivities/comments/ifmch0/back_stretches_yoga_has_some_tips_and_tricks_to/","Peachestho","2020-08-24",1598264956,1,1,0,0,"This yoga should help the back to alleviate","1_1"
"https://www.reddit.com/r/quarantineactivities/comments/ifmch0/back_stretches_yoga_has_some_tips_and_tricks_to/","AutoModerator","2020-08-24",1598264260,1,1,0,0,"
Thank you for your submission!



Please remember to read the rules and ensure your post aligns with the sub's purpose. Don't forget to use the proper flair.

join our official discord server! - https://discord.gg/bKpnPPb


*I am a bot, and this action was performed automatically. Please [contact the moderators of this subreddit](/message/compose/?to=/r/quarantineactivities) if you have any questions or concerns.*","2"
"https://www.reddit.com/r/quarantineactivities/comments/gwgl7n/series_suggestions/","AutoModerator","2020-06-04",1591274034,1,1,0,0,"
Thank you for your submission!



Please remember to read the rules and ensure your post aligns with the sub's purpose. Don't forget to use the proper flair.

join our official discord server! - https://discord.gg/bKpnPPb


*I am a bot, and this action was performed automatically. Please [contact the moderators of this subreddit](/message/compose/?to=/r/quarantineactivities) if you have any questions or concerns.*","1"
"https://www.reddit.com/r/quarantineactivities/comments/gwgl7n/series_suggestions/","SoSven","2020-06-04",1591291807,1,1,0,0,"Better call Saul is great, if you already watched Breaking Bad. Otherwise you should watch them both","2"
"https://www.reddit.com/r/quarantineactivities/comments/gwgl7n/series_suggestions/","Panic-InsideMyCloset","2020-06-04",1591294071,1,1,0,0,"FRINGE","3"
"https://www.reddit.com/r/quarantineactivities/comments/gwgl7n/series_suggestions/","TheToxicLogic","2020-06-04",1591294545,1,1,0,0,"Parks and recreation","4"
"https://www.reddit.com/r/quarantineactivities/comments/gwgl7n/series_suggestions/","brandidonn","2020-06-04",1591300215,1,1,0,0,"All on Netflix: Offspring, Kath &amp; Kim, Wentworth.","5"
"https://www.reddit.com/r/quarantineactivities/comments/gwgl7n/series_suggestions/","aeolit","2020-06-05",1591386962,1,1,0,0,"Shameless on one end of the spectrum, Heartland on the other","6"
"https://www.reddit.com/r/quarantineactivities/comments/fvvls1/classic_movies_worth_revisiting_in_this_corona/","AutoModerator","2020-04-06",1586164786,1,1,0,0,"
Thank you for your submission!



Please remember to read the rules and ensure your post aligns with the sub's purpose. Don't forget to use the proper flair.

*I am a bot, and this action was performed automatically. Please [contact the moderators of this subreddit](/message/compose/?to=/r/quarantineactivities) if you have any questions or concerns.*","1"
"https://www.reddit.com/r/quarantineactivities/comments/g2md0j/im_creating_a_worldwide_youtube_collab_to_bring/","AutoModerator","2020-04-16",1587067137,1,1,0,0,"
Thank you for your submission!



Please remember to read the rules and ensure your post aligns with the sub's purpose. Don't forget to use the proper flair.

*I am a bot, and this action was performed automatically. Please [contact the moderators of this subreddit](/message/compose/?to=/r/quarantineactivities) if you have any questions or concerns.*","1"
"https://www.reddit.com/r/quarantineactivities/comments/g0iwpl/things_we_do_during_work_from_home/","AutoModerator","2020-04-13",1586784386,1,1,0,0,"
Thank you for your submission!



Please remember to read the rules and ensure your post aligns with the sub's purpose. Don't forget to use the proper flair.

*I am a bot, and this action was performed automatically. Please [contact the moderators of this subreddit](/message/compose/?to=/r/quarantineactivities) if you have any questions or concerns.*","1"
"https://www.reddit.com/r/quarantineactivities/comments/iz605m/100_days_for_me/","AutoModerator","2020-09-24",1600982089,1,1,0,0,"
Thank you for your submission!



Please remember to read the rules and ensure your post aligns with the sub's purpose. Don't forget to use the proper flair.

join our official discord server! - https://discord.gg/bKpnPPb


*I am a bot, and this action was performed automatically. Please [contact the moderators of this subreddit](/message/compose/?to=/r/quarantineactivities) if you have any questions or concerns.*","1"
"https://www.reddit.com/r/quarantineactivities/comments/hkmecn/using_wfh_as_an_excuse_to_finally_live_out_my/","idkwhateverrrr","2020-07-03",1593801668,2,2,0,0,"Looks beautiful!","1"
"https://www.reddit.com/r/quarantineactivities/comments/hkmecn/using_wfh_as_an_excuse_to_finally_live_out_my/","Dak_Kandarah","2020-07-03",1593813383,2,2,0,0,"It looks amazing!  
Did you do it yourself?","2"
"https://www.reddit.com/r/quarantineactivities/comments/hkmecn/using_wfh_as_an_excuse_to_finally_live_out_my/","trexglittermonster","2020-07-03",1593816255,2,2,0,0,"Mostly. All the bleaching and dye. I tried cutting it myself and fucked it up so I had to go to a salon on the second day of reopening in my city to get it fixed. Not to toot my own horn but its my time using bleach on myself so Im especially proud!","2_1"
"https://www.reddit.com/r/quarantineactivities/comments/hkmecn/using_wfh_as_an_excuse_to_finally_live_out_my/","rosy_glow19","2020-07-06",1594048909,1,1,0,0,"You should be, you have all of your hair and it actually looks wonderful!","2_1_1"
"https://www.reddit.com/r/quarantineactivities/comments/hkmecn/using_wfh_as_an_excuse_to_finally_live_out_my/","AutoModerator","2020-07-03",1593794635,1,1,0,0,"
Thank you for your submission!



Please remember to read the rules and ensure your post aligns with the sub's purpose. Don't forget to use the proper flair.

join our official discord server! - https://discord.gg/bKpnPPb


*I am a bot, and this action was performed automatically. Please [contact the moderators of this subreddit](/message/compose/?to=/r/quarantineactivities) if you have any questions or concerns.*","3"
"https://www.reddit.com/r/quarantineactivities/comments/g38t3t/parenting_wfh_hack_in_quarantine/","AutoModerator","2020-04-17",1587151987,1,1,0,0,"
Thank you for your submission!



Please remember to read the rules and ensure your post aligns with the sub's purpose. Don't forget to use the proper flair.

*I am a bot, and this action was performed automatically. Please [contact the moderators of this subreddit](/message/compose/?to=/r/quarantineactivities) if you have any questions or concerns.*","1"
"https://www.reddit.com/r/quarantineactivities/comments/g3wj8l/wfhyeah_im_never_going_back/","AutoModerator","2020-04-18",1587249367,1,1,0,0,"
Thank you for your submission!



Please remember to read the rules and ensure your post aligns with the sub's purpose. Don't forget to use the proper flair.

*I am a bot, and this action was performed automatically. Please [contact the moderators of this subreddit](/message/compose/?to=/r/quarantineactivities) if you have any questions or concerns.*","1"
"https://www.reddit.com/r/quarantineactivities/comments/fuyiba/what_did_you_start_blogging_about_while_in/","AutoModerator","2020-04-04",1586024322,1,1,0,0,"
Thank you for your submission!



Please remember to read the rules and ensure your post aligns with the sub's purpose. Don't forget to use the proper flair.

*I am a bot, and this action was performed automatically. Please [contact the moderators of this subreddit](/message/compose/?to=/r/quarantineactivities) if you have any questions or concerns.*","1"
"https://www.reddit.com/r/quarantineactivities/comments/gaqp65/started_a_channel_on_coping_with_various/","AutoModerator","2020-04-30",1588229355,1,1,0,0,"
Thank you for your submission!



Please remember to read the rules and ensure your post aligns with the sub's purpose. Don't forget to use the proper flair.

*I am a bot, and this action was performed automatically. Please [contact the moderators of this subreddit](/message/compose/?to=/r/quarantineactivities) if you have any questions or concerns.*","1"
"https://www.reddit.com/r/quarantineactivities/comments/g5aye4/take_a_quiz_break_with_colleagues_to_break_up_wfh/","AutoModerator","2020-04-21",1587455035,1,1,0,0,"
Thank you for your submission!



Please remember to read the rules and ensure your post aligns with the sub's purpose. Don't forget to use the proper flair.

*I am a bot, and this action was performed automatically. Please [contact the moderators of this subreddit](/message/compose/?to=/r/quarantineactivities) if you have any questions or concerns.*","1"
"https://www.reddit.com/r/quarantineactivities/comments/fq19vp/linkedin_browsing_pictures_of_pretty_women/","The_PracticalOne","2020-03-27",1585353266,1,1,0,0,"May I ask why Linkedin? As opposed to a site where paticipants are encouraged to make photos of themselves pretty instead of professional.","1"
"https://www.reddit.com/r/quarantineactivities/comments/fq19vp/linkedin_browsing_pictures_of_pretty_women/","doinnuffin","2020-03-28",1585354121,1,1,0,0,"Also, it's different than like porn or something, more like being at work.","1_1"
"https://www.reddit.com/r/quarantineactivities/comments/fq19vp/linkedin_browsing_pictures_of_pretty_women/","doinnuffin","2020-03-27",1585353321,1,1,0,0,"I use linkedin for hiring, so I get candidates and I research them. Then I get distracted","2"
"https://www.reddit.com/r/quarantineactivities/comments/ge31pz/i_work_remotely_but_few_of_my_colleagues_are/","AutoModerator","2020-05-05",1588702779,1,1,0,0,"
Thank you for your submission!



Please remember to read the rules and ensure your post aligns with the sub's purpose. Don't forget to use the proper flair.

*I am a bot, and this action was performed automatically. Please [contact the moderators of this subreddit](/message/compose/?to=/r/quarantineactivities) if you have any questions or concerns.*","1"
"https://www.reddit.com/r/quarantineactivities/comments/gdkwki/follow_along_quizzes/","AutoModerator","2020-05-04",1588628812,1,1,0,0,"
Thank you for your submission!



Please remember to read the rules and ensure your post aligns with the sub's purpose. Don't forget to use the proper flair.

*I am a bot, and this action was performed automatically. Please [contact the moderators of this subreddit](/message/compose/?to=/r/quarantineactivities) if you have any questions or concerns.*","1"
"https://www.reddit.com/r/quarantineactivities/comments/gdkwki/follow_along_quizzes/","JuanPablo2269","2020-05-04",1588630480,1,1,0,0,"You can play along with The Pub Hub quizes at [thequizhub.me](https://thequizhub.me)","2"
